num_points,num_threads,execution_time
10000,1,0.0059656
10000,2,0.005206
10000,3,0.0065463
10000,4,0.0099103
