num_points,num_threads,execution_time
10000,1,0.0073239
10000,2,0.0031125
10000,3,0.0025293
10000,4,0.0025071
