num_points,num_threads,execution_time
10000,1,0.0022669
10000,2,0
10000,3,0.0046349
10000,4,0
